keyword,frequency,document_count,document_ratio(%)
시간,27,26,12.81
작물,14,5,2.46
계속,12,11,5.42
많은,12,8,3.94
모드,11,9,4.43
사람,11,3,1.48
같이,9,7,3.45
힐링,9,9,4.43
하다가,9,9,4.43
근데,8,8,3.94
다른,8,7,3.45
재밌어요,8,8,3.94
농장,8,7,3.45
npc,8,7,3.45
다시,8,8,3.94
플레이,7,5,2.46
아직,7,7,3.45
스듀,7,7,3.45
수확하고,7,3,1.48
연애하고,7,3,1.48
goat,7,1,0.49
모르고,6,6,2.96
이런,6,6,2.96
게임입니다,6,6,2.96
재밌고,6,5,2.46
농사,6,4,1.97
생각이,6,5,2.46
내가,6,4,1.97
낚시를,6,2,0.99
시간이,6,6,2.96
재미있음,6,5,2.46
list,6,1,0.49
아직도,5,5,2.46
평생,5,5,2.46
싶다,5,5,2.46
되는,5,5,2.46
게임에,5,4,1.97
재밌게,5,4,1.97
해도,5,5,2.46
해야,5,5,2.46
사람이,5,5,2.46
브금,5,1,0.49
않는,5,4,1.97
하루,5,5,2.46
같아요,5,5,2.46
많이,5,4,1.97
있어요,5,4,1.97
처음,5,5,2.46
일단,5,5,2.46
할게,5,4,1.97
게임이에요,5,4,1.97
따라,5,3,1.48
재밌음,5,5,2.46
년차,5,4,1.97
나무를,5,1,0.49
베고,5,1,0.49
돌을,5,1,0.49
캐고,5,1,0.49
심고,5,1,0.49
던전가고,5,1,0.49
퀘스트하고,5,1,0.49
와인만들고,5,1,0.49
팔고,5,1,0.49
가는,5,5,2.46
스타듀밸리의,5,2,0.99
싶은,5,5,2.46
하게,5,5,2.46
들지,4,3,1.48
아니면,4,3,1.48
재밌습니다,4,4,1.97
있음,4,4,1.97
혼자,4,4,1.97
보고,4,4,1.97
광산,4,4,1.97
마을,4,4,1.97
가는줄,4,4,1.97
낚시,4,3,1.48
한번,4,4,1.97
전혀,4,3,1.48
있는데,4,4,1.97
처음으로,4,3,1.48
하기,4,4,1.97
모드로,4,3,1.48
있을,4,3,1.48
다양한,4,2,0.99
있었다,4,3,1.48
시간을,4,4,1.97
리텍,4,3,1.48
농장을,4,3,1.48
빨리,4,4,1.97
of,4,3,1.48
파고들기,4,1,0.49
것이다,4,2,0.99
strike,4,1,0.49
마음에,4,2,0.99
컨텐츠가,4,4,1.97
최고의,4,3,1.48
재미있어요,4,4,1.97
그래도,4,4,1.97
새로,4,4,1.97
스팀,3,3,1.48
해봐야,3,3,1.48
밖에,3,3,1.48
주고,3,3,1.48
바로,3,3,1.48
어떻게,3,3,1.48
없이,3,3,1.48
맞지,3,3,1.48
힐링게임,3,3,1.48
천천히,3,2,0.99
모드를,3,2,0.99
영원히,3,3,1.48
못하고,3,3,1.48
낚시하고,3,3,1.48
보면,3,3,1.48
재밌어서,3,3,1.48
하다보면,3,3,1.48
없고,3,3,1.48
사실,3,3,1.48
이미,3,3,1.48
많아서,3,3,1.48
좋아하는,3,3,1.48
돈이,3,3,1.48
자연스럽게,3,3,1.48
pc,3,2,0.99
했지만,3,3,1.48
친구들이랑,3,3,1.48
꾸미고,3,3,1.48
엔딩,3,3,1.48
했습니다,3,3,1.48
못하는,3,3,1.48
새로운,3,3,1.48
충분히,3,3,1.48
재밌는,3,3,1.48
캐릭터,3,3,1.48
스타듀밸리,3,3,1.48
농장은,3,3,1.48
재밌다,3,3,1.48
훨씬,3,3,1.48
친구랑,3,2,0.99
다들,3,3,1.48
해보세요,3,3,1.48
축제,3,3,1.48
깔아서,3,3,1.48
동안,3,3,1.48
100,3,3,1.48
얼마,3,3,1.48
인생을,3,3,1.48
컨텐츠,3,2,0.99
힐링이,3,3,1.48
갓겜,3,3,1.48
없어요,3,3,1.48
하니까,3,3,1.48
스토리,3,2,0.99
대로,3,2,0.99
부터,3,2,0.99
자라는,3,1,0.49
얼마나,3,2,0.99
돈을,3,3,1.48
처음에는,3,2,0.99
하지,3,3,1.48
어느,3,2,0.99
결국,3,2,0.99
모든,3,2,0.99
단점,3,2,0.99
혼자서,3,3,1.48
모드도,3,2,0.99
화가남,3,1,0.49
cant,3,2,0.99
it,3,2,0.99
말고,3,2,0.99
만약,3,3,1.48
재미가,3,2,0.99
리텍만,3,2,0.99
좋아해서,2,2,0.99
모바일,2,2,0.99
같음,2,2,0.99
높은,2,2,0.99
조자의,2,1,0.49
농사를,2,2,0.99
아닌,2,2,0.99
우리,2,2,0.99
우린,2,1,0.49
모른다,2,1,0.49
더이상,2,1,0.49
아마,2,2,0.99
모르겠으나,2,2,0.99
자본주의,2,1,0.49
처음에,2,2,0.99
해보고,2,2,0.99
속에서,2,2,0.99
부자가,2,2,0.99
있습니다,2,2,0.99
속도에,2,2,0.99
즐길수,2,1,0.49
있어,2,1,0.49
목표,2,2,0.99
없어서,2,2,0.99
연애,2,2,0.99
나면,2,2,0.99
할지,2,2,0.99
세바스찬,2,2,0.99
남편,2,2,0.99
안하고,2,2,0.99
좋을,2,2,0.99
깔면,2,2,0.99
말이,2,2,0.99
바닐라로,2,2,0.99
추천합니다,2,2,0.99
뚝뚝,2,1,0.49
30,2,1,0.49
브금이,2,1,0.49
나오다가,2,1,0.49
끊기고,2,1,0.49
이상,2,2,0.99
20,2,2,0.99
사람들이,2,2,0.99
나오는,2,2,0.99
지친,2,2,0.99
농사짓고,2,2,0.99
마음이,2,2,0.99
아기,2,1,0.49
효율을,2,2,0.99
온라인,2,2,0.99
게임인데,2,2,0.99
가볍게,2,2,0.99
시작하자마자,2,2,0.99
보이는,2,2,0.99
하니깐,2,2,0.99
절반도,2,2,0.99
사람이라면,2,2,0.99
않은,2,2,0.99
호감도,2,2,0.99
꾸준히,2,2,0.99
유일한,2,2,0.99
것입니다,2,2,0.99
재밌네요,2,2,0.99
게임이지만,2,2,0.99
솔직히,2,2,0.99
보단,2,2,0.99
친구가,2,2,0.99
아내,2,2,0.99
여기서,2,2,0.99
열심히,2,2,0.99
하면서,2,1,0.49
하나하나,2,1,0.49
되고,2,2,0.99
위해,2,2,0.99
효율적인,2,2,0.99
전투,2,1,0.49
이루어지는,2,1,0.49
인상,2,1,0.49
물고기,2,2,0.99
생각함,2,2,0.99
스토리도,2,1,0.49
몰입해서,2,2,0.99
다만,2,2,0.99
초상화,2,2,0.99
적당히,2,2,0.99
가끔,2,2,0.99
들을,2,2,0.99
아주,2,2,0.99
엔딩을,2,2,0.99
끝난,2,2,0.99
않아요,2,2,0.99
잔디가,2,1,0.49
죽어서,2,2,0.99
반드시,2,2,0.99
물고기를,2,2,0.99
물건을,2,2,0.99
만들고,2,2,0.99
하는게,2,2,0.99
컨텐츠도,2,2,0.99
분위기가,2,2,0.99
하려고,2,2,0.99
남편이,2,2,0.99
자꾸,2,2,0.99
개꿀잼,2,2,0.99
안되는,2,2,0.99
힐링하고,2,2,0.99
시간이든,2,1,0.49
질리지,2,2,0.99
멀티를,2,2,0.99
순간,2,2,0.99
되어버림,2,2,0.99
아침에,2,2,0.99
업데이트,2,2,0.99
시작하면,2,2,0.99
있을것,2,2,0.99
샀는데,2,2,0.99
마음으로,2,2,0.99
쓰레기,2,2,0.99
힐링겜,2,2,0.99
들어가면,2,2,0.99
10,2,2,0.99
다르게,2,2,0.99
아니,2,2,0.99
않음,2,2,0.99
별로,2,2,0.99
인생,2,2,0.99
하던,2,2,0.99
절대,2,2,0.99
가장,2,2,0.99
이제,2,2,0.99
했는데,2,2,0.99
펠리컨,2,2,0.99
단점은,2,2,0.99
세바스찬이,2,2,0.99
매일,2,1,0.49
해가,2,1,0.49
일주일,2,2,0.99
보며,2,1,0.49
시작해서,2,2,0.99
농사가,2,2,0.99
나의,2,2,0.99
중독,2,2,0.99
힐링게임이,2,2,0.99
안했는데,2,2,0.99
그럼,2,2,0.99
스타듀밸리는,2,2,0.99
알았는데,2,2,0.99
이유가,2,2,0.99
time,2,2,0.99
추천함,2,2,0.99
마을에,2,2,0.99
810,2,1,0.49
910,2,1,0.49
도트,2,2,0.99
to,2,1,0.49
수많은,2,1,0.49
요소들,2,1,0.49
이야기를,2,2,0.99
간다면,2,2,0.99
필요는,2,1,0.49
필자도,2,1,0.49
했던,2,2,0.99
여러분이,2,1,0.49
어떻게든,2,2,0.99
자신의,2,2,0.99
드는,2,1,0.49
지루하고,2,2,0.99
작물이,2,1,0.49
필자가,2,1,0.49
심을까,2,1,0.49
느낄,2,2,0.99
갖고,2,2,0.99
결국에는,2,1,0.49
필자는,2,1,0.49
못했던,2,2,0.99
친구,2,2,0.99
관심이,2,2,0.99
현실에,2,2,0.99
요소라,2,1,0.49
헤헤,2,2,0.99
된다,2,2,0.99
생각한다,2,1,0.49
세상에,2,1,0.49
존재할,2,1,0.49
내게,2,2,0.99
광산에서,2,2,0.99
아님,2,2,0.99
해주는,2,2,0.99
자원을,2,2,0.99
중독성,2,2,0.99
싶으면,2,2,0.99
분명,2,2,0.99
해야지,2,2,0.99
다양해서,2,2,0.99
재미있고,2,2,0.99
완전,2,2,0.99
억년,2,1,0.49
연속,2,2,0.99
돌고,2,2,0.99
어쨌든,2,2,0.99
쓰고,2,2,0.99
결혼하니까,2,2,0.99
노동의,2,2,0.99
벌어도,2,1,0.49
좋아하시면,2,2,0.99
much,2,2,0.99
on,2,1,0.49
life,2,2,0.99
im,2,1,0.49
do,2,2,0.99
when,2,2,0.99
굉장히,2,2,0.99
게임이라고,2,2,0.99
드립니다,2,2,0.99
회관,2,1,0.49
매번,2,1,0.49
오랜만에,2,2,0.99
너가,2,1,0.49
좋았어,2,1,0.49
질리면,2,2,0.99
500,2,2,0.99
중에,2,2,0.99
플레이함,2,2,0.99
low,2,1,0.49
추천드립니다,2,1,0.49
듭니다,2,2,0.99
후회,2,1,0.49
해요,2,2,0.99
아이패드,1,1,0.49
스위치로,1,1,0.49
구매해서,1,1,0.49
플레이했는데,1,1,0.49
했다는,1,1,0.49
기분이,1,1,0.49
않는다,1,1,0.49
확률로,1,1,0.49
아마존,1,1,0.49
구글을,1,1,0.49
모티브로,1,1,0.49
조자라는,1,1,0.49
다국적,1,1,0.49
대기업이,1,1,0.49
주인공,1,1,0.49
사는,1,1,0.49
세상의,1,1,0.49
유통망을,1,1,0.49
거의,1,1,0.49
독점하고있다,1,1,0.49
일원이었으나,1,1,0.49
직원들,1,1,0.49
일어서고,1,1,0.49
앉는,1,1,0.49
시간까지,1,1,0.49
측정하고,1,1,0.49
책상마다,1,1,0.49
감시카메라까지,1,1,0.49
박아놓는,1,1,0.49
비인간적,1,1,0.49
노동환경에,1,1,0.49
적응하지,1,1,0.49
못한,1,1,0.49
주인공은,1,1,0.49
죽은,1,1,0.49
조부의,1,1,0.49
농장으로,1,1,0.49
돌아가,1,1,0.49
짓는다,1,1,0.49
웬걸,1,1,0.49
여기까지도,1,1,0.49
마트가,1,1,0.49
들어서있고,1,1,0.49
동네,1,1,0.49
촌뜨기들,1,1,0.49
상권을,1,1,0.49
위협하고,1,1,0.49
최종,1,1,0.49
소비자의,1,1,0.49
경제적,1,1,0.49
만족만이,1,1,0.49
기업에,1,1,0.49
대중,1,1,0.49
평가로,1,1,0.49
직결되고,1,1,0.49
부모가,1,1,0.49
자식에게,1,1,0.49
물려줄,1,1,0.49
지식,1,1,0.49
기술이,1,1,0.49
소비습관,1,1,0.49
없게,1,1,0.49
되어버린,1,1,0.49
세대,1,1,0.49
온갖,1,1,0.49
미명으로,1,1,0.49
치장된,1,1,0.49
효율과,1,1,0.49
이윤,1,1,0.49
추구의,1,1,0.49
구정물이,1,1,0.49
사회를,1,1,0.49
병들게,1,1,0.49
게임처럼,1,1,0.49
땅을,1,1,0.49
파고,1,1,0.49
거름을,1,1,0.49
농산물을,1,1,0.49
수확할,1,1,0.49
줄도,1,1,0.49
푼돈,1,1,0.49
만지고,1,1,0.49
카드나,1,1,0.49
긁어대다가,1,1,0.49
죽는,1,1,0.49
운명,1,1,0.49
사냥에,1,1,0.49
실패하면,1,1,0.49
내일,1,1,0.49
굶어죽을거란,1,1,0.49
기원전의,1,1,0.49
공포는,1,1,0.49
없지만,1,1,0.49
그보다,1,1,0.49
더한,1,1,0.49
정신적,1,1,0.49
집단폐사의,1,1,0.49
저주애,1,1,0.49
사로잡혔다,1,1,0.49
창고에서,1,1,0.49
트럭으로,1,1,0.49
옮겨주는,1,1,0.49
재화가,1,1,0.49
의식주를,1,1,0.49
해결할,1,1,0.49
방법을,1,1,0.49
소비행위가,1,1,0.49
우리의,1,1,0.49
명줄을,1,1,0.49
쥐고있다,1,1,0.49
문제에,1,1,0.49
제안하는,1,1,0.49
대안은,1,1,0.49
자급자족이,1,1,0.49
가능한,1,1,0.49
작은,1,1,0.49
사회공동체의,1,1,0.49
단결이리라,1,1,0.49
얇디얇은,1,1,0.49
나뭇가지들을,1,1,0.49
줄로,1,1,0.49
묶으면,1,1,0.49
도끼에도,1,1,0.49
버티듯이,1,1,0.49
똘똘,1,1,0.49
뭉친,1,1,0.49
발버둥의,1,1,0.49
미학,1,1,0.49
봄이,1,1,0.49
끝나가니,1,1,0.49
튤립을,1,1,0.49
수확해야겠다,1,1,0.49
스토리가,1,1,0.49
끝맺어질지는,1,1,0.49
여태껏,1,1,0.49
본적,1,1,0.49
매력적인,1,1,0.49
고찰을,1,1,0.49
담고,1,1,0.49
있다는,1,1,0.49
점만,1,1,0.49
강조하고,1,1,0.49
도시의,1,1,0.49
노예에서,1,1,0.49
벗어나,1,1,0.49
시골의,1,1,0.49
노예가,1,1,0.49
지루해서,1,1,0.49
나랑,1,1,0.49
않네,1,1,0.49
호불호,1,1,0.49
있다더니,1,1,0.49
진짜구나,1,1,0.49
라고,1,1,0.49
생각했습니다,1,1,0.49
시간으로,1,1,0.49
하루만,1,1,0.49
지워야지,1,1,0.49
생각하면서,1,1,0.49
진행하다보니,1,1,0.49
가을이네요,1,1,0.49
수록,1,1,0.49
스스로,1,1,0.49
목표를,1,1,0.49
세우게,1,1,0.49
되면서,1,1,0.49
점점,1,1,0.49
재밌어져요,1,1,0.49
현생보다,1,1,0.49
바쁘게,1,1,0.49
하루를,1,1,0.49
보내면,1,1,0.49
느긋한,1,1,0.49
시골,1,1,0.49
불편함,1,1,0.49
수집,1,1,0.49
해야할,1,1,0.49
요소도,1,1,0.49
의식도,1,1,0.49
힐링이라는데,1,1,0.49
킬링임,1,1,0.49
환불마려움,1,1,0.49
튜토리얼같은게,1,1,0.49
해보려면,1,1,0.49
유튜브에서,1,1,0.49
초보자,1,1,0.49
가이드,1,1,0.49
찾아,1,1,0.49
봐야해서,1,1,0.49
귀찮고,1,1,0.49
그걸,1,1,0.49
따라한다고,1,1,0.49
결혼이나,1,1,0.49
업글,1,1,0.49
모르겠어서,1,1,0.49
질리게,1,1,0.49
단순,1,1,0.49
노동겜같음,1,1,0.49
얘드라,1,1,0.49
자기,1,1,0.49
침대에서,1,1,0.49
자면,1,1,0.49
안돼,1,1,0.49
침대는,1,1,0.49
하나인데,1,1,0.49
넷이,1,1,0.49
넘잖아,1,1,0.49
잘생겻습니다,1,1,0.49
일을,1,1,0.49
압한,1,1,0.49
면이,1,1,0.49
이쓰니,1,1,0.49
참고하셍요,1,1,0.49
차라리,1,1,0.49
에밀리랑,1,1,0.49
결혼하는,1,1,0.49
블랙홀,1,1,0.49
과유불급이라는,1,1,0.49
와닫읍니다,1,1,0.49
바닐라의,1,1,0.49
즐거움은,1,1,0.49
완전히,1,1,0.49
돌아오지,1,1,0.49
않으니까,1,1,0.49
우선,1,1,0.49
신중히,1,1,0.49
생각하시고,1,1,0.49
까는,1,1,0.49
끊기는게,1,1,0.49
거슬림,1,1,0.49
내리,1,1,0.49
끊기면,1,1,0.49
이해라도,1,1,0.49
하겠는데,1,1,0.49
초쯤,1,1,0.49
광산이나,1,1,0.49
해변같은,1,1,0.49
맵이라도,1,1,0.49
가지,1,1,0.49
안나옴,1,1,0.49
문제가,1,1,0.49
년도,1,1,0.49
쯤에도,1,1,0.49
누가,1,1,0.49
말했던,1,1,0.49
같은데,1,1,0.49
해결,1,1,0.49
있는게,1,1,0.49
어이,1,1,0.49
없음,1,1,0.49
세상,1,1,0.49
좋게,1,1,0.49
뽑아놓고,1,1,0.49
제대로,1,1,0.49
활용도,1,1,0.49
개빡침,1,1,0.49
만든,1,1,0.49
중에서,1,1,0.49
반복모드가,1,1,0.49
있어서,1,1,0.49
설치해봤는데,1,1,0.49
이것도,1,1,0.49
마을이나,1,1,0.49
농장에서,1,1,0.49
브금은,1,1,0.49
반복,1,1,0.49
재생이,1,1,0.49
안되고,1,1,0.49
내부에서만,1,1,0.49
반복모드라고,1,1,0.49
끝에,1,1,0.49
들어가게,1,1,0.49
사람들,1,1,0.49
챙기다,1,1,0.49
편해짐,1,1,0.49
잔잔한데,1,1,0.49
이상하게,1,1,0.49
생각나는,1,1,0.49
중독자,1,1,0.49
될거,1,1,0.49
동생이랑,1,1,0.49
하는데,1,1,0.49
짧은,1,1,0.49
기간에,1,1,0.49
갖는,1,1,0.49
도전과제가,1,1,0.49
제일,1,1,0.49
어려워요,1,1,0.49
갖자고,1,1,0.49
고자인가,1,1,0.49
신경쓸,1,1,0.49
그러다보면,1,1,0.49
기계적으로,1,1,0.49
일정을,1,1,0.49
돌리게되고,1,1,0.49
그때부터,1,1,0.49
숙제겜마냥,1,1,0.49
플레이하게,1,1,0.49
될것,1,1,0.49
같아서,1,1,0.49
그만둠,1,1,0.49
스린이지만,1,1,0.49
중간에,1,1,0.49
했긴,1,1,0.49
했어요,1,1,0.49
산건,1,1,0.49
중고딩,1,1,0.49
때인데,1,1,0.49
지금은,1,1,0.49
중반이라,1,1,0.49
요즘은,1,1,0.49
빠져,1,1,0.49
삽니다,1,1,0.49
없어선,1,1,0.49
불륜,1,1,0.49
추가됐으면,1,1,0.49
재밌었을텐데,1,1,0.49
한국인한테는,1,1,0.49
노동,1,1,0.49
아닌지,1,1,0.49
가고,1,1,0.49
저런,1,1,0.49
삭제되는,1,1,0.49
만하다,1,1,0.49
시뮬겜,1,1,0.49
떠오르는,1,1,0.49
대표작,1,1,0.49
황당한,1,1,0.49
주민,1,1,0.49
얼굴은,1,1,0.49
무시하세요,1,1,0.49
어차피,1,1,0.49
잘생기고,1,1,0.49
예쁜,1,1,0.49
리텍으로,1,1,0.49
성형,1,1,0.49
시켜서,1,1,0.49
아요,1,1,0.49
문제,1,1,0.49
되지,1,1,0.49
않슴다,1,1,0.49
계절마다,1,1,0.49
이벤트도,1,1,0.49
많고,1,1,0.49
노가다,1,1,0.49
많아요,1,1,0.49
미연시도,1,1,0.49
왔다는,1,1,0.49
아깝지,1,1,0.49
맥북,1,1,0.49
지원부터,1,1,0.49
개씹,1,1,0.49
인데,1,1,0.49
넘쳐남,1,1,0.49
이겜에서,1,1,0.49
없어질,1,1,0.49
정도면,1,1,0.49
접는게,1,1,0.49
맞음,1,1,0.49
종종,1,1,0.49
들어가서,1,1,0.49
일과를,1,1,0.49
보내다,1,1,0.49
행복해집니다,1,1,0.49
좋은게임,1,1,0.49
힐링하고자,1,1,0.49
가볍지만,1,1,0.49
돈벌려고,1,1,0.49
무거운,1,1,0.49
될수도,1,1,0.49
타인에게,1,1,0.49
추천할만,1,1,0.49
합니다,1,1,0.49
추가되는,1,1,0.49
무한한,1,1,0.49
컨텐츠는,1,1,0.49
크나큰,1,1,0.49
장점입니다,1,1,0.49
단지,1,1,0.49
와의,1,1,0.49
상호작용,1,1,0.49
동물과의,1,1,0.49
상호작용이,1,1,0.49
적은,1,1,0.49
단점입니다,1,1,0.49
이것이,1,1,0.49
개선된다면,1,1,0.49
평가를,1,1,0.49
받을,1,1,0.49
fps,1,1,0.49
aos,1,1,0.49
못하는데,1,1,0.49
유일하게,1,1,0.49
잘하는게,1,1,0.49
노동겜인데,1,1,0.49
맞습니다,1,1,0.49
사놓고,1,1,0.49
몇년동안,1,1,0.49
방치,1,1,0.49
했었는데,1,1,0.49
그랫을까,1,1,0.49
먹고,1,1,0.49
살려면,1,1,0.49
바빠요,1,1,0.49
엘리엇,1,1,0.49
이쁘구요,1,1,0.49
개똥컴터도,1,1,0.49
돌아갑니다,1,1,0.49
모바일을,1,1,0.49
애용하긴해요,1,1,0.49
재미없을,1,1,0.49
같다고,1,1,0.49
하지말라고,1,1,0.49
기어코,1,1,0.49
무척이나,1,1,0.49
재밌,1,1,0.49
잼나요,1,1,0.49
남편내,1,1,0.49
여러명의,1,1,0.49
꿈을,1,1,0.49
이루다굿,1,1,0.49
인생작이라고,1,1,0.49
정도로,1,1,0.49
멀티,1,1,0.49
주니모,1,1,0.49
카트만,1,1,0.49
16,1,1,0.49
나오고,1,1,0.49
진엔딩까지,1,1,0.49
봤다,1,1,0.49
경영하는,1,1,0.49
시작했는데,1,1,0.49
분야의,1,1,0.49
컨텐츠와,1,1,0.49
디테일에,1,1,0.49
오히려,1,1,0.49
감탄했던,1,1,0.49
인프라가,1,1,0.49
발전하는,1,1,0.49
모습에서,1,1,0.49
오는,1,1,0.49
보람이,1,1,0.49
좋았음,1,1,0.49
처음엔,1,1,0.49
그대로,1,1,0.49
팔았다가,1,1,0.49
자동화가,1,1,0.49
이루어지게,1,1,0.49
지역,1,1,0.49
등이,1,1,0.49
생기면서,1,1,0.49
확장되는,1,1,0.49
농지,1,1,0.49
가공,1,1,0.49
시스템으로,1,1,0.49
배가,1,1,0.49
수익,1,1,0.49
그에,1,1,0.49
수직,1,1,0.49
상승하는,1,1,0.49
수입을,1,1,0.49
지켜보는,1,1,0.49
맛이,1,1,0.49
수확을,1,1,0.49
아이템을,1,1,0.49
사용한다던지,1,1,0.49
배치를,1,1,0.49
짜는,1,1,0.49
재미있었다,1,1,0.49
테라리아,1,1,0.49
코어키퍼,1,1,0.49
비교적,1,1,0.49
지향적으로,1,1,0.49
디자인,1,1,0.49
게임들과,1,1,0.49
비교했을,1,1,0.49
때는,1,1,0.49
단조로운,1,1,0.49
시스템이지만,1,1,0.49
만의,1,1,0.49
매력이,1,1,0.49
전투와,1,1,0.49
동시에,1,1,0.49
채광,1,1,0.49
채광에서,1,1,0.49
농사로,1,1,0.49
인프라,1,1,0.49
발전이,1,1,0.49
깊었다,1,1,0.49
지역이,1,1,0.49
열리면서,1,1,0.49
열리는,1,1,0.49
특색,1,1,0.49
광산들까지,1,1,0.49
호불호가,1,1,0.49
갈리는,1,1,0.49
분야인데,1,1,0.49
재밌었음,1,1,0.49
날씨나,1,1,0.49
시간대에,1,1,0.49
달라지는,1,1,0.49
활동,1,1,0.49
도감,1,1,0.49
채우기,1,1,0.49
즐겼음,1,1,0.49
꽃이라고,1,1,0.49
특색도,1,1,0.49
대사나,1,1,0.49
그중에,1,1,0.49
봤던,1,1,0.49
많았음,1,1,0.49
리텍은,1,1,0.49
연애나,1,1,0.49
결혼,1,1,0.49
시스템도,1,1,0.49
지역의,1,1,0.49
전통,1,1,0.49
방식대로,1,1,0.49
느낌이어서,1,1,0.49
깊었음,1,1,0.49
벌고,1,1,0.49
보니까,1,1,0.49
지금까지,1,1,0.49
거쳐왔던,1,1,0.49
순간들이,1,1,0.49
생각나면서,1,1,0.49
뭉클해짐,1,1,0.49
아닐까,1,1,0.49
몇년에,1,1,0.49
걸쳐,1,1,0.49
엄청,1,1,0.49
쉬다가를,1,1,0.49
반복하고,1,1,0.49
질리긴,1,1,0.49
아예,1,1,0.49
끊지는,1,1,0.49
시간가는줄,1,1,0.49
릿지사이드모드,1,1,0.49
깔고하시면,1,1,0.49
만날,1,1,0.49
진엔딩을,1,1,0.49
뒤로도,1,1,0.49
해보게,1,1,0.49
잊을만,1,1,0.49
패치를,1,1,0.49
해주기도,1,1,0.49
하고요,1,1,0.49
봐도,1,1,0.49
게임이라는,1,1,0.49
옛날버전에는,1,1,0.49
가을에서,1,1,0.49
겨울이,1,1,0.49
때에,1,1,0.49
모두,1,1,0.49
겨울전에,1,1,0.49
건초를,1,1,0.49
만들어둬야했기에,1,1,0.49
난이도가,1,1,0.49
있었는데,1,1,0.49
이젠,1,1,0.49
겨울동안,1,1,0.49
죽지,1,1,0.49
않기때문에,1,1,0.49
지속,1,1,0.49
부분에서,1,1,0.49
더욱,1,1,0.49
쉬워졌어요,1,1,0.49
덕분에,1,1,0.49
잡고,1,1,0.49
채집하고,1,1,0.49
몬스터를잡고,1,1,0.49
던전,1,1,0.49
도는데에,1,1,0.49
있게,1,1,0.49
됐어요,1,1,0.49
인간,1,1,0.49
근성의,1,1,0.49
미가,1,1,0.49
뭔지,1,1,0.49
알고싶다면,1,1,0.49
스타듀밸리를,1,1,0.49
내면의,1,1,0.49
성장을,1,1,0.49
돕습니다,1,1,0.49
몰입하고,1,1,0.49
힐링겜은,1,1,0.49
맞는데,1,1,0.49
전체적인,1,1,0.49
잔잔해서,1,1,0.49
잠올거,1,1,0.49
느낌이라,1,1,0.49
못하겠음,1,1,0.49
그만할란다,1,1,0.49
노동별로,1,1,0.49
좋아하는데,1,1,0.49
할인한다길래,1,1,0.49
구매해봣음,1,1,0.49
노동좋아햇슨,1,1,0.49
노동을하는데,1,1,0.49
힐링이됌,1,1,0.49
사랑하는,1,1,0.49
탈퇴,1,1,0.49
재가입,1,1,0.49
모바일용까지,1,1,0.49
구매했어요,1,1,0.49
돌아올게요,1,1,0.49
레아랑,1,1,0.49
바람,1,1,0.49
피워서,1,1,0.49
짜증나네요,1,1,0.49
노트북으로,1,1,0.49
정신은,1,1,0.49
몸은,1,1,0.49
잠안자고,1,1,0.49
밥안먹고,1,1,0.49
반비례,1,1,0.49
심심하고,1,1,0.49
정신없는,1,1,0.49
하기싫을때,1,1,0.49
하시면,1,1,0.49
않아서,1,1,0.49
좋습니다,1,1,0.49
모르겠네요,1,1,0.49
재밌긴,1,1,0.49
하네요,1,1,0.49
밭은,1,1,0.49
공공재산이,1,1,0.49
일어나자마자,1,1,0.49
경쟁하듯이,1,1,0.49
훔쳐가며,1,1,0.49
민첩한,1,1,0.49
되라고,1,1,0.49
라며,1,1,0.49
외치던,1,1,0.49
언니,1,1,0.49
언젠간,1,1,0.49
훔칠꺼야,1,1,0.49
상자,1,1,0.49
야무지게,1,1,0.49
털어가던,1,1,0.49
당신,1,1,0.49
복수할꺼야,1,1,0.49
갓겜인게,1,1,0.49
해줌,1,1,0.49
내사랑,1,1,0.49
생각날때,1,1,0.49
보러갈게,1,1,0.49
찡긋,1,1,0.49
06,1,1,0.49
기상,1,1,0.49
02,1,1,0.49
강제,1,1,0.49
취침까지,1,1,0.49
씨앗,1,1,0.49
심거나,1,1,0.49
뽑거나,1,1,0.49
곡괭이질만,1,1,0.49
하는데도,1,1,0.49
봄꽃무도회,1,1,0.49
그렇게,1,1,0.49
만들었어야만,1,1,0.49
속이,1,1,0.49
후련했,1,1,0.49
흥미를,1,1,0.49
느끼지,1,1,0.49
못했습니다,1,1,0.49
저와는,1,1,0.49
게임인,1,1,0.49
같습니다,1,1,0.49
개인의,1,1,0.49
취향문제일,1,1,0.49
전으로는,1,1,0.49
돌아가지,1,1,0.49
병에,1,1,0.49
걸렸어요,1,1,0.49
알렉스,1,1,0.49
사랑해,1,1,0.49
사람은,1,1,0.49
년차만,1,1,0.49
무한,1,1,0.49
반복을,1,1,0.49
겨울,1,1,0.49
일쯤에,1,1,0.49
자러,1,1,0.49
가야겠다고,1,1,0.49
생각한,1,1,0.49
뒤로,1,1,0.49
영영,1,1,0.49
잊히고,1,1,0.49
개월,1,1,0.49
뒤에,1,1,0.49
시작함,1,1,0.49
엔딩도,1,1,0.49
끈기있는,1,1,0.49
보는,1,1,0.49
거임,1,1,0.49
암튼,1,1,0.49
진짜아아앙아아아,1,1,0.49
조오오오오옹노,1,1,0.49
농농논,1,1,0.49
농농노오노온온나나난나나,1,1,0.49
다했따,1,1,0.49
자야지,1,1,0.49
안에서,1,1,0.49
살아갈,1,1,0.49
수도,1,1,0.49
흘러,1,1,0.49
자극적인,1,1,0.49
재미는,1,1,0.49
아니지만,1,1,0.49
현생으로부터,1,1,0.49
벗어날수,1,1,0.49
마음의,1,1,0.49
안식처같은다른사람과,1,1,0.49
미는,1,1,0.49
속도도,1,1,0.49
빠르다,1,1,0.49
인간관계,1,1,0.49
집꾸미기,1,1,0.49
채집,1,1,0.49
툭툭툭툭,1,1,0.49
뽁뽁뽁뽁,1,1,0.49
쿰척쿰척,1,1,0.49
뽁뽁뽁뽁뽁뽁뽁뽁뽁뽁뽁,1,1,0.49
날부터,1,1,0.49
채웠네요,1,1,0.49
친한,1,1,0.49
유명하길래,1,1,0.49
가벼운,1,1,0.49
깔아봤는데,1,1,0.49
진심이,1,1,0.49
계란,1,1,0.49
이새끼는,1,1,0.49
끝나자마자,1,1,0.49
저녁임,1,1,0.49
양계장은,1,1,0.49
일동안,1,1,0.49
짓는거임,1,1,0.49
막대에,1,1,0.49
히트박스,1,1,0.49
왜케,1,1,0.49
싸가지없음,1,1,0.49
이렇게,1,1,0.49
벌림,1,1,0.49
이상한,1,1,0.49
상자에,1,1,0.49
물건,1,1,0.49
넣으니까,1,1,0.49
사라짐,1,1,0.49
통발에,1,1,0.49
잡히고,1,1,0.49
잡힘,1,1,0.49
제때,1,1,0.49
환불,1,1,0.49
받은,1,1,0.49
한이다,1,1,0.49
한국인이,1,1,0.49
하기엔,1,1,0.49
살짝,1,1,0.49
답답할수도,1,1,0.49
극복하면,1,1,0.49
원탑,1,1,0.49
멀티플레이로,1,1,0.49
혼자하려니까,1,1,0.49
막막하다,1,1,0.49
같긴한데,1,1,0.49
도파민이,1,1,0.49
방학때,1,1,0.49
여러개,1,1,0.49
재밌게함,1,1,0.49
현실아싸인내가여기선초인싸알파농부,1,1,0.49
조금만,1,1,0.49
없을만큼,1,1,0.49
할게많다어이구,1,1,0.49
허리야,1,1,0.49
현실에서,1,1,0.49
결혼을,1,1,0.49
게임에선,1,1,0.49
가능할려나,1,1,0.49
일차인데,1,1,0.49
38,1,1,0.49
찍었음,1,1,0.49
잠은,1,1,0.49
시간잠,1,1,0.49
체감,1,1,0.49
흐른,1,1,0.49
시간과,1,1,0.49
실제,1,1,0.49
흐름,1,1,0.49
습빡,1,1,0.49
왜이리,1,1,0.49
거지같이,1,1,0.49
만들었냐,1,1,0.49
똑바로,1,1,0.49
안하나,1,1,0.49
해먹겠네,1,1,0.49
주일만에,1,1,0.49
찍었어요,1,1,0.49
잘했죠,1,1,0.49
질리질,1,1,0.49
즐겨서,1,1,0.49
아쉬워요,1,1,0.49
한지는,1,1,0.49
안됐는데,1,1,0.49
같이하니까,1,1,0.49
좋은데,1,1,0.49
조자마트만,1,1,0.49
튕겨요,1,1,0.49
뭐야,1,1,0.49
못했네,1,1,0.49
왜캐,1,1,0.49
애정이,1,1,0.49
부족한거같지,1,1,0.49
스듀에,1,1,0.49
처음은,1,1,0.49
지루했는데,1,1,0.49
지나니까,1,1,0.49
자동화에,1,1,0.49
미치게,1,1,0.49
되었습니다,1,1,0.49
힐링되고,1,1,0.49
재밋어용,1,1,0.49
현실도피하기,1,1,0.49
조음,1,1,0.49
친구들이랑하기도좋고혼자하기도조음,1,1,0.49
레전드,1,1,0.49
무조건,1,1,0.49
엄마,1,1,0.49
겁니다,1,1,0.49
메이플스토리,1,1,0.49
하드모드인듯,1,1,0.49
퇴근후나,1,1,0.49
주말까지,1,1,0.49
일하고싶지않아,1,1,0.49
스듀를,1,1,0.49
추억은,1,1,0.49
잊지,1,1,0.49
못할,1,1,0.49
거에요,1,1,0.49
재밌었습니다,1,1,0.49
갈고,1,1,0.49
결혼해서,1,1,0.49
낳고,1,1,0.49
진로,1,1,0.49
공장,1,1,0.49
판단하기엔,1,1,0.49
이른,1,1,0.49
알듯,1,1,0.49
개재밌쓴,1,1,0.49
라서,1,1,0.49
멀미도,1,1,0.49
안남,1,1,0.49
게임중에,1,1,0.49
재밌슨,1,1,0.49
슬슬,1,1,0.49
부족한거같아요,1,1,0.49
개개개개개개,1,1,0.49
영혼은이미,1,1,0.49
이곳에있음,1,1,0.49
할인해서,1,1,0.49
사서,1,1,0.49
걍싺다그만두고,1,1,0.49
마을로,1,1,0.49
회피하고,1,1,0.49
리텍필수,1,1,0.49
하비내남편,1,1,0.49
에비게일내여자,1,1,0.49
개꿀잼임,1,1,0.49
모르겠다,1,1,0.49
이게임의,1,1,0.49
장점은,1,1,0.49
미치도록,1,1,0.49
중독적이라는,1,1,0.49
중독적입니담,1,1,0.49
낭만넘치게,1,1,0.49
목장운영으로만,1,1,0.49
승부보겠다,1,1,0.49
슴슴한게,1,1,0.49
맛있네요,1,1,0.49
리텍끼고,1,1,0.49
법사오빠랑,1,1,0.49
결혼엔딩,1,1,0.49
볼거임,1,1,0.49
다꺼져,1,1,0.49
엘리엇과,1,1,0.49
맛있어요,1,1,0.49
싶으신,1,1,0.49
분들,1,1,0.49
강추합니다,1,1,0.49
필요하시다구여,1,1,0.49
여기로,1,1,0.49
오세요,1,1,0.49
정신차려보면,1,1,0.49
뜨고있고,1,1,0.49
정신,1,1,0.49
차리면,1,1,0.49
지고있다,1,1,0.49
올해,1,1,0.49
내년에,1,1,0.49
되겠지만,1,1,0.49
겠냐고,1,1,0.49
200,1,1,0.49
넘어온,1,1,0.49
저요,1,1,0.49
밤새면서,1,1,0.49
하라고,1,1,0.49
가둬둬도,1,1,0.49
기꺼이,1,1,0.49
중독이,1,1,0.49
위험,1,1,0.49
일품,1,1,0.49
부흥해가는,1,1,0.49
반면,1,1,0.49
현생은,1,1,0.49
보내면서,1,1,0.49
힐링하기에,1,1,0.49
최고인,1,1,0.49
힐링자본주의,1,1,0.49
오랜,1,1,0.49
빠져서,1,1,0.49
두말은,1,1,0.49
필요,1,1,0.49
없습니다,1,1,0.49
여기가,1,1,0.49
고향입니다,1,1,0.49
망치러,1,1,0.49
구원자,1,1,0.49
업데이트해라,1,1,0.49
에릭바론,1,1,0.49
딸기심어야해,1,1,0.49
바쁘다,1,1,0.49
걸렸습니다,1,1,0.49
뭐가,1,1,0.49
재밌쨍그랑,1,1,0.49
모르게써요,1,1,0.49
말해뭐해,1,1,0.49
유명한,1,1,0.49
설명이,1,1,0.49
필요없음,1,1,0.49
16000,1,1,0.49
원값,1,1,0.49
이상을,1,1,0.49
개재밌음,1,1,0.49
날려먹기,1,1,0.49
봤더니,1,1,0.49
아내랑,1,1,0.49
살살,1,1,0.49
녹아요,1,1,0.49
사라,1,1,0.49
없어진다,1,1,0.49
한국인은,1,1,0.49
효율이다,1,1,0.49
시간가는지,1,1,0.49
모르는,1,1,0.49
대단할,1,1,0.49
별거,1,1,0.49
아니네,1,1,0.49
아가리,1,1,0.49
묵념,1,1,0.49
사셈,1,1,0.49
커플이,1,1,0.49
나의인생은스타듀밸리다,1,1,0.49
농촌,1,1,0.49
생활이,1,1,0.49
잼있어여,1,1,0.49
야르,1,1,0.49
인생이지,1,1,0.49
masterpiece,1,1,0.49
one,1,1,0.49
person,1,1,0.49
정신병이랑,1,1,0.49
사귀면,1,1,0.49
이거때문에,1,1,0.49
일상생활버림,1,1,0.49
알렉스왜나랑결혼안해줌,1,1,0.49
순삭,1,1,0.49
굿굿,1,1,0.49
빠지면,1,1,0.49
미야우미어,1,1,0.49
얻으새요,1,1,0.49
남친이랑,1,1,0.49
상상동거,1,1,0.49
하는중,1,1,0.49
재밋습니다,1,1,0.49
168,1,1,0.49
노동이,1,1,0.49
잼있댜,1,1,0.49
말라죽어서,1,1,0.49
때려침,1,1,0.49
살고,1,1,0.49
사람만,1,1,0.49
사기,1,1,0.49
유명한데에는,1,1,0.49
있는법,1,1,0.49
is,1,1,0.49
goatgreatest,1,1,0.49
all,1,1,0.49
적극,1,1,0.49
인생껨,1,1,0.49
sooooo,1,1,0.49
good,1,1,0.49
오징어축제,1,1,0.49
씨발련아,1,1,0.49
불안할,1,1,0.49
위로가,1,1,0.49
됩니다,1,1,0.49
삭제시킴,1,1,0.49
나도,1,1,0.49
주민이었다,1,1,0.49
어서오세요,1,1,0.49
별망울이,1,1,0.49
내리는,1,1,0.49
풍요로운,1,1,0.49
ih,1,1,0.49
평점,1,1,0.49
만점에,1,1,0.49
게임성,1,1,0.49
1010,1,1,0.49
연출력,1,1,0.49
몰입감,1,1,0.49
흥미도,1,1,0.49
리뷰,1,1,0.49
요약,1,1,0.49
감성을,1,1,0.49
자극하는,1,1,0.49
음악과,1,1,0.49
그래픽,1,1,0.49
마음가는,1,1,0.49
느낌가는,1,1,0.49
easy,1,1,0.49
learn,1,1,0.49
hard,1,1,0.49
master,1,1,0.49
hrhr,1,1,0.49
기계부품처럼,1,1,0.49
일에,1,1,0.49
치여,1,1,0.49
살던,1,1,0.49
주인공이,1,1,0.49
할아버지의,1,1,0.49
물려받으며,1,1,0.49
귀농하는,1,1,0.49
다룬다,1,1,0.49
농장에,1,1,0.49
도착했을,1,1,0.49
개판이고,1,1,0.49
주민들은,1,1,0.49
시큰둥해,1,1,0.49
달갑지,1,1,0.49
않아,1,1,0.49
보일,1,1,0.49
점차,1,1,0.49
발전시키며,1,1,0.49
생활에,1,1,0.49
차차,1,1,0.49
익숙해져,1,1,0.49
신이,1,1,0.49
내린,1,1,0.49
축복의,1,1,0.49
땅의,1,1,0.49
즐길거리가,1,1,0.49
비로소,1,1,0.49
눈에,1,1,0.49
들어오기,1,1,0.49
시작할,1,1,0.49
긍정적인,1,1,0.49
가능성,1,1,0.49
기본은,1,1,0.49
농사이지만,1,1,0.49
농사만,1,1,0.49
지을,1,1,0.49
플레이에서는,1,1,0.49
농사보다는,1,1,0.49
기억이,1,1,0.49
난다,1,1,0.49
핵심적인,1,1,0.49
비단,1,1,0.49
하나의,1,1,0.49
수단에,1,1,0.49
매몰되어,1,1,0.49
무한히,1,1,0.49
그것만,1,1,0.49
되풀이,1,1,0.49
사실이다,1,1,0.49
한국인이라면,1,1,0.49
아득바득,1,1,0.49
벌려고,1,1,0.49
하겠지만,1,1,0.49
매일같이,1,1,0.49
번다고,1,1,0.49
효율표,1,1,0.49
찾으며,1,1,0.49
게임했다,1,1,0.49
가끔은,1,1,0.49
유유자적하게,1,1,0.49
가능성을,1,1,0.49
믿고,1,1,0.49
즐겨보는,1,1,0.49
개성,1,1,0.49
충만한,1,1,0.49
캐릭터들,1,1,0.49
세심하게,1,1,0.49
설정되어,1,1,0.49
캐릭터들은,1,1,0.49
각자,1,1,0.49
싫어하는,1,1,0.49
말투나,1,1,0.49
성격,1,1,0.49
심지어는,1,1,0.49
계절과,1,1,0.49
요일마다,1,1,0.49
움직이는,1,1,0.49
패턴이,1,1,0.49
전부,1,1,0.49
다르다,1,1,0.49
캐릭터도,1,1,0.49
것이고,1,1,0.49
나한테,1,1,0.49
사가지고,1,1,0.49
가서는,1,1,0.49
비싸게,1,1,0.49
팔아먹는,1,1,0.49
양아치,1,1,0.49
녀석도,1,1,0.49
다양성이,1,1,0.49
생동감,1,1,0.49
불어넣어주고,1,1,0.49
이는,1,1,0.49
플레이어들이,1,1,0.49
녹아들도록,1,1,0.49
만들어주는,1,1,0.49
만족스러운,1,1,0.49
요소이다,1,1,0.49
방대한,1,1,0.49
요소,1,1,0.49
만일,1,1,0.49
그저,1,1,0.49
아무,1,1,0.49
씨를,1,1,0.49
뿌려서,1,1,0.49
사계절,1,1,0.49
내내,1,1,0.49
자동으로,1,1,0.49
작물을,1,1,0.49
캐는,1,1,0.49
것이라면,1,1,0.49
현학적일까,1,1,0.49
스타듀밸리에서는,1,1,0.49
당신의,1,1,0.49
선택이,1,1,0.49
중요하다,1,1,0.49
사계절에,1,1,0.49
키울,1,1,0.49
다르고,1,1,0.49
기간도,1,1,0.49
다르며,1,1,0.49
작물의,1,1,0.49
품질은,1,1,0.49
당신이,1,1,0.49
기르느냐에,1,1,0.49
달라진다,1,1,0.49
말하고,1,1,0.49
요소는,1,1,0.49
단순하게는,1,1,0.49
파스닙,1,1,0.49
느리게,1,1,0.49
자라도,1,1,0.49
비싼,1,1,0.49
콜리플라워,1,1,0.49
복잡하게는,1,1,0.49
마을회관,1,1,0.49
꾸러미나,1,1,0.49
대비해야,1,1,0.49
할까,1,1,0.49
모으는,1,1,0.49
방향,1,1,0.49
으로,1,1,0.49
가야할까,1,1,0.49
상황이나,1,1,0.49
업적에,1,1,0.49
요소로,1,1,0.49
이어진다,1,1,0.49
단순히,1,1,0.49
농사라는,1,1,0.49
하나만,1,1,0.49
놓고도,1,1,0.49
요소가,1,1,0.49
컨텐츠를,1,1,0.49
합치면,1,1,0.49
볼륨은,1,1,0.49
더더욱,1,1,0.49
풍성해진다,1,1,0.49
복합적인,1,1,0.49
느린,1,1,0.49
템포,1,1,0.49
빠릿하게,1,1,0.49
행동해야,1,1,0.49
한다,1,1,0.49
필히,1,1,0.49
요소들이,1,1,0.49
많기,1,1,0.49
한정적인,1,1,0.49
자원,1,1,0.49
내에서,1,1,0.49
일들이,1,1,0.49
생길,1,1,0.49
답답하다고,1,1,0.49
있지만,1,1,0.49
심적으로,1,1,0.49
여유를,1,1,0.49
즐기자,1,1,0.49
급할수록,1,1,0.49
돌아가라고,1,1,0.49
않던가,1,1,0.49
부정적인,1,1,0.49
고루고루,1,1,0.49
진행해야만,1,1,0.49
낚시가,1,1,0.49
낚시만,1,1,0.49
했었다,1,1,0.49
강태공이,1,1,0.49
70,1,1,0.49
세까지,1,1,0.49
이름을,1,1,0.49
떨치지,1,1,0.49
사실이,1,1,0.49
났다,1,1,0.49
잡은,1,1,0.49
물고기들은,1,1,0.49
윌리,1,1,0.49
빼고는,1,1,0.49
아무도,1,1,0.49
없었다,1,1,0.49
있어도,1,1,0.49
집을,1,1,0.49
늘리지도,1,1,0.49
건물을,1,1,0.49
짓거나,1,1,0.49
동물을,1,1,0.49
데려오는,1,1,0.49
쉽지,1,1,0.49
않았다,1,1,0.49
시점에는,1,1,0.49
일정,1,1,0.49
수준의,1,1,0.49
성취도,1,1,0.49
다다를,1,1,0.49
요구한다,1,1,0.49
잔혹한,1,1,0.49
무릎,1,1,0.49
꿇었지만,1,1,0.49
그렇지,1,1,0.49
사람들에게는,1,1,0.49
생각된다,1,1,0.49
갈수록,1,1,0.49
생기는,1,1,0.49
반복성의,1,1,0.49
길게,1,1,0.49
쳐서,1,1,0.49
가을,1,1,0.49
넘길,1,1,0.49
때까지는,1,1,0.49
이것저것,1,1,0.49
퍼먹으면서,1,1,0.49
맛있다하며,1,1,0.49
머리가,1,1,0.49
꽃밭인,1,1,0.49
채로,1,1,0.49
스프링쿨러나,1,1,0.49
광차,1,1,0.49
마법지팡이,1,1,0.49
등으로,1,1,0.49
자동화,1,1,0.49
빠른,1,1,0.49
이동이,1,1,0.49
가능해지지만,1,1,0.49
결국에,1,1,0.49
손으로,1,1,0.49
마무리,1,1,0.49
지어야,1,1,0.49
다수,1,1,0.49
존재하고,1,1,0.49
그런,1,1,0.49
일들을,1,1,0.49
벌려,1,1,0.49
놓았다면,1,1,0.49
진행,1,1,0.49
루틴이,1,1,0.49
기하급수적으로,1,1,0.49
빡빡해진다,1,1,0.49
남친여친은,1,1,0.49
일하다,1,1,0.49
바빠서,1,1,0.49
걸어주거나,1,1,0.49
선물,1,1,0.49
주면,1,1,0.49
삐지고,1,1,0.49
하느라,1,1,0.49
신경을,1,1,0.49
쓰는,1,1,0.49
바람에,1,1,0.49
그림이,1,1,0.49
어그러지는,1,1,0.49
경우도,1,1,0.49
거대한,1,1,0.49
낭비처럼,1,1,0.49
느껴지는,1,1,0.49
시점이,1,1,0.49
다가오게,1,1,0.49
총평,1,1,0.49
남긴,1,1,0.49
단점들에도,1,1,0.49
불구하고,1,1,0.49
여전히,1,1,0.49
게임이라,1,1,0.49
욕해요라고,1,1,0.49
묻는다면,1,1,0.49
없듯이,1,1,0.49
없다고,1,1,0.49
대답해주고,1,1,0.49
가져다준,1,1,0.49
산등성이같은,1,1,0.49
즐거움에,1,1,0.49
비하면,1,1,0.49
아무것도,1,1,0.49
아니라고,1,1,0.49
기억한다,1,1,0.49
전설적인,1,1,0.49
잡았던,1,1,0.49
마구간을,1,1,0.49
짓고,1,1,0.49
말의,1,1,0.49
감탄하던,1,1,0.49
쓰러져서,1,1,0.49
라이너스가,1,1,0.49
데려다,1,1,0.49
주던,1,1,0.49
게임에서,1,1,0.49
만들어진,1,1,0.49
추억이,1,1,0.49
사랑했는지를,1,1,0.49
증명해주는,1,1,0.49
헤일리가,1,1,0.49
정실,1,1,0.49
ehdehd,1,1,0.49
고옫옫,1,1,0.49
sderftgybhnujmikopl,1,1,0.49
감히,1,1,0.49
겜이라고,1,1,0.49
단언할,1,1,0.49
그래픽이,1,1,0.49
아기자기해서,1,1,0.49
힐링감성을,1,1,0.49
더해준다,1,1,0.49
수급처보다,1,1,0.49
소비처가,1,1,0.49
많아,1,1,0.49
재료의,1,1,0.49
소중함을,1,1,0.49
알게,1,1,0.49
밸런싱,1,1,0.49
모아,1,1,0.49
업글했을떄의,1,1,0.49
성취감이,1,1,0.49
최상급,1,1,0.49
창작마당이,1,1,0.49
넥서스에서,1,1,0.49
다운해야,1,1,0.49
진지하게,1,1,0.49
힐링게임아님,1,1,0.49
농사에,1,1,0.49
낚시에,1,1,0.49
광질까지,1,1,0.49
등등,1,1,0.49
다하는데,1,1,0.49
어떠게,1,1,0.49
힐링게임인지,1,1,0.49
색감,1,1,0.49
끼시구,1,1,0.49
편의성,1,1,0.49
하세용,1,1,0.49
편하고,1,1,0.49
야떔,1,1,0.49
시공간은,1,1,0.49
관찰자에,1,1,0.49
흐른다는,1,1,0.49
아인슈타인의,1,1,0.49
상대성이론을,1,1,0.49
체감하고,1,1,0.49
해라,1,1,0.49
잠깐,1,1,0.49
광산가서,1,1,0.49
곡괭이질,1,1,0.49
싸돌아,1,1,0.49
댕기면서,1,1,0.49
하고헤일리한테,1,1,0.49
가서,1,1,0.49
플러팅이나,1,1,0.49
하다가결국,1,1,0.49
결혼에,1,1,0.49
성공,1,1,0.49
한것,1,1,0.49
뿐인데,1,1,0.49
현실에선,1,1,0.49
쨍쨍한,1,1,0.49
대낮에,1,1,0.49
켰더만,1,1,0.49
오늘은,1,1,0.49
여기까지만,1,1,0.49
껐더니,1,1,0.49
자정이,1,1,0.49
다돼갔다,1,1,0.49
인생게임입니다,1,1,0.49
되네요,1,1,0.49
종류가,1,1,0.49
바닐라,1,1,0.49
나서,1,1,0.49
확장,1,1,0.49
리텍도,1,1,0.49
안질려요,1,1,0.49
세일,1,1,0.49
자주,1,1,0.49
세일할때,1,1,0.49
사시는,1,1,0.49
추천,1,1,0.49
들어갈,1,1,0.49
마우스,1,1,0.49
클릭음과,1,1,0.49
정겨운,1,1,0.49
음악,1,1,0.49
잊을,1,1,0.49
혼자서도,1,1,0.49
즐길,1,1,0.49
둘이서,1,1,0.49
셋이서,1,1,0.49
완벽한,1,1,0.49
팀워크를,1,1,0.49
맛볼,1,1,0.49
진엔딩이,1,1,0.49
감동적,1,1,0.49
노가다를,1,1,0.49
그럴,1,1,0.49
가치가,1,1,0.49
있다고,1,1,0.49
생각합니다,1,1,0.49
수작,1,1,0.49
일상에,1,1,0.49
현대인에게,1,1,0.49
귀농이라는,1,1,0.49
도피처를,1,1,0.49
제공,1,1,0.49
시작하시는,1,1,0.49
분들이라면,1,1,0.49
본인이,1,1,0.49
녹아듬을,1,1,0.49
느끼셨으면,1,1,0.49
좋겠어요,1,1,0.49
인트로와,1,1,0.49
간간히,1,1,0.49
스토리는,1,1,0.49
첫회차라면,1,1,0.49
스킵없이,1,1,0.49
봐보세요,1,1,0.49
홀홀홀,1,1,0.49
농사경력,1,1,0.49
경력,1,1,0.49
해탈의,1,1,0.49
경지에,1,1,0.49
오름,1,1,0.49
힐링하려고,1,1,0.49
몬스터한테,1,1,0.49
다이아,1,1,0.49
잃으면,1,1,0.49
놓치면,1,1,0.49
잡으면,1,1,0.49
계속함,1,1,0.49
초반에,1,1,0.49
몇몇,1,1,0.49
들이,1,1,0.49
싸가지가,1,1,0.49
너무없지만,1,1,0.49
모든것을,1,1,0.49
갖다바치면,1,1,0.49
착해지는,1,1,0.49
물질만능주의적,1,1,0.49
세계관을,1,1,0.49
보여줌,1,1,0.49
쓰레기통,1,1,0.49
털고,1,1,0.49
다니니까,1,1,0.49
어느정도,1,1,0.49
이해는,1,1,0.49
퀘스트가,1,1,0.49
끊임없이,1,1,0.49
나와서,1,1,0.49
오래해도,1,1,0.49
시작하고,1,1,0.49
싶은건진,1,1,0.49
모르겠지만,1,1,0.49
처음부터,1,1,0.49
엔딩은,1,1,0.49
못봤지만,1,1,0.49
분위기,1,1,0.49
bgm,1,1,0.49
때매,1,1,0.49
돌아가게만듬,1,1,0.49
돌아,1,1,0.49
부랑자마냥,1,1,0.49
해봤는데,1,1,0.49
이만한,1,1,0.49
킹갓겜입니다,1,1,0.49
기존에,1,1,0.49
것만으로도,1,1,0.49
좋았는데,1,1,0.49
업데이트가,1,1,0.49
끊이질,1,1,0.49
폴아웃,1,1,0.49
스카이림,1,1,0.49
굶지마,1,1,0.49
워프레임,1,1,0.49
디아블로,1,1,0.49
라이징,1,1,0.49
러스트,1,1,0.49
펠월드,1,1,0.49
배틀그라운드,1,1,0.49
days,1,1,0.49
좀보이드,1,1,0.49
피해,1,1,0.49
안전한,1,1,0.49
스타듀벨리로,1,1,0.49
꺼졌다,1,1,0.49
brooo,1,1,0.49
아직까진,1,1,0.49
농부가,1,1,0.49
아니고,1,1,0.49
나무꾼,1,1,0.49
느낌이긴,1,1,0.49
한데,1,1,0.49
싶어서,1,1,0.49
들어가지만,1,1,0.49
주니모의,1,1,0.49
모험이나,1,1,0.49
대초원의,1,1,0.49
모험은,1,1,0.49
어려워서,1,1,0.49
도전과제,1,1,0.49
못깨고,1,1,0.49
농장도,1,1,0.49
도전해보고,1,1,0.49
편견을,1,1,0.49
없애준,1,1,0.49
할때마다,1,1,0.49
인생이구나,1,1,0.49
질릴때면,1,1,0.49
대확장이나,1,1,0.49
릿지깔아서도,1,1,0.49
이것,1,1,0.49
저것모드,1,1,0.49
옷도,1,1,0.49
이쁘게,1,1,0.49
텍스트,1,1,0.49
다양하게,1,1,0.49
것들도,1,1,0.49
깔면서,1,1,0.49
살맛나네요,1,1,0.49
많다,1,1,0.49
힐링과,1,1,0.49
밸런스,1,1,0.49
노동게임,1,1,0.49
짓는,1,1,0.49
어느순간부터,1,1,0.49
나오질,1,1,0.49
않고,1,1,0.49
괜한,1,1,0.49
승부욕이,1,1,0.49
들어,1,1,0.49
해골광산,1,1,0.49
스피드런을,1,1,0.49
나를,1,1,0.49
발견했다,1,1,0.49
예쁘게,1,1,0.49
편안하게,1,1,0.49
힐링하는,1,1,0.49
아니라,1,1,0.49
위한,1,1,0.49
공장을,1,1,0.49
아까워서,1,1,0.49
쓰지도,1,1,0.49
불어나고,1,1,0.49
있었던,1,1,0.49
레벨을,1,1,0.49
올리는,1,1,0.49
만들기,1,1,0.49
부리나케,1,1,0.49
뛰어다녔던,1,1,0.49
사람들과,1,1,0.49
하며,1,1,0.49
즐겼지만,1,1,0.49
사람의,1,1,0.49
성향도,1,1,0.49
엿볼수있는,1,1,0.49
멀티플레이,1,1,0.49
게임이자,1,1,0.49
독단적인,1,1,0.49
늙은이들,1,1,0.49
게임인줄,1,1,0.49
심심해서,1,1,0.49
헤보니,1,1,0.49
재밌는거,1,1,0.49
있죠,1,1,0.49
마크,1,1,0.49
뭐라하나,1,1,0.49
하여튼,1,1,0.49
그런거,1,1,0.49
해보세용,1,1,0.49
love,1,1,0.49
so,1,1,0.49
spend,1,1,0.49
my,1,1,0.49
daily,1,1,0.49
since,1,1,0.49
student,1,1,0.49
fully,1,1,0.49
focus,1,1,0.49
sure,1,1,0.49
will,1,1,0.49
everyday,1,1,0.49
grow,1,1,0.49
up,1,1,0.49
지리네요,1,1,0.49
인생겜,1,1,0.49
학생이라,1,1,0.49
아쉽지만,1,1,0.49
여유,1,1,0.49
빡세게,1,1,0.49
너무심함,1,1,0.49
무슨,1,1,0.49
필요한가,1,1,0.49
명성에는,1,1,0.49
있기,1,1,0.49
따름이다,1,1,0.49
확장팩을,1,1,0.49
설치하지,1,1,0.49
않고도,1,1,0.49
부족하지,1,1,0.49
않게,1,1,0.49
조금이라도,1,1,0.49
망설이지,1,1,0.49
구매해라,1,1,0.49
개발로,1,1,0.49
만들어졌다는,1,1,0.49
들으니,1,1,0.49
놀랍기도,1,1,0.49
만드신,1,1,0.49
분이,1,1,0.49
존경스럽다는,1,1,0.49
들었습니다,1,1,0.49
세계관,1,1,0.49
등장하는,1,1,0.49
요소들은,1,1,0.49
저에게,1,1,0.49
즐거움과,1,1,0.49
행복,1,1,0.49
평소에는,1,1,0.49
생각해,1,1,0.49
보지도,1,1,0.49
생각과,1,1,0.49
고민,1,1,0.49
하도록,1,1,0.49
만들어,1,1,0.49
주었습니다,1,1,0.49
내어,1,1,0.49
해볼,1,1,0.49
만한,1,1,0.49
들기에,1,1,0.49
말지,1,1,0.49
고민하시고,1,1,0.49
계신다면,1,1,0.49
해보시기를,1,1,0.49
권장,1,1,0.49
질림,1,1,0.49
재밌어질지,1,1,0.49
감도,1,1,0.49
안옴,1,1,0.49
이벤트,1,1,0.49
최대한,1,1,0.49
하세요,1,1,0.49
저처럼,1,1,0.49
되도,1,1,0.49
꾸러미,1,1,0.49
못채움,1,1,0.49
지겨워서,1,1,0.49
방치하지만,1,1,0.49
만든다,1,1,0.49
농장게임의,1,1,0.49
근본이다,1,1,0.49
남들처럼,1,1,0.49
고인물은,1,1,0.49
되지만,1,1,0.49
겨울까지,1,1,0.49
길은,1,1,0.49
항상,1,1,0.49
즐겁다,1,1,0.49
힐링하러,1,1,0.49
겜을,1,1,0.49
시작했고,1,1,0.49
실제로,1,1,0.49
힐링되는,1,1,0.49
게임이었으나,1,1,0.49
설치하고,1,1,0.49
방대해진,1,1,0.49
스토리를,1,1,0.49
감당하려고,1,1,0.49
뛰는,1,1,0.49
모습을,1,1,0.49
어느새,1,1,0.49
농작물은,1,1,0.49
가지만,1,1,0.49
키우며,1,1,0.49
싹다,1,1,0.49
와인으로,1,1,0.49
만드는,1,1,0.49
와이너리가,1,1,0.49
되어있음,1,1,0.49
벌겠다고,1,1,0.49
생각하며,1,1,0.49
달리면,1,1,0.49
금방,1,1,0.49
질려서,1,1,0.49
끝까지,1,1,0.49
못봄,1,1,0.49
급한,1,1,0.49
퀘스트,1,1,0.49
내일로,1,1,0.49
미루는,1,1,0.49
습관을,1,1,0.49
부족한듯,1,1,0.49
여유롭게,1,1,0.49
살아가는,1,1,0.49
돌아와서,1,1,0.49
댓글,1,1,0.49
적는데,1,1,0.49
들다가도,1,1,0.49
갖가지,1,1,0.49
설치할,1,1,0.49
생각에,1,1,0.49
망설여지는,1,1,0.49
밤이네,1,1,0.49
셰인아,1,1,0.49
나에게,1,1,0.49
욕을,1,1,0.49
박았던,1,1,0.49
그때의,1,1,0.49
없더라고,1,1,0.49
이혼하자,1,1,0.49
한거야,1,1,0.49
헤일리야,1,1,0.49
너도,1,1,0.49
그래,1,1,0.49
싫어,1,1,0.49
착해진,1,1,0.49
없더라,1,1,0.49
게임에서도,1,1,0.49
노동을,1,1,0.49
하는지는,1,1,0.49
여유롭고,1,1,0.49
평화로운,1,1,0.49
클릭하게함,1,1,0.49
재밌다고,1,1,0.49
하여서,1,1,0.49
구매했는데,1,1,0.49
도파민을,1,1,0.49
추구하는,1,1,0.49
저한테는,1,1,0.49
게임인거,1,1,0.49
같네요,1,1,0.49
아쉽습니다,1,1,0.49
낚시말고,1,1,0.49
추천으로,1,1,0.49
없었는데,1,1,0.49
하다보니까,1,1,0.49
넘김,1,1,0.49
놀라운건,1,1,0.49
중반부에,1,1,0.49
머무르고,1,1,0.49
좋은듯,1,1,0.49
나머지,1,1,0.49
자유,1,1,0.49
플레이하다,1,1,0.49
지쳐서,1,1,0.49
공략집을,1,1,0.49
찾아보게됨,1,1,0.49
지쳐가는,1,1,0.49
현재,1,1,0.49
간단하게,1,1,0.49
하고있지만,1,1,0.49
얼마안가서,1,1,0.49
편의모드,1,1,0.49
잔뜩하다가,1,1,0.49
농꾸,1,1,0.49
리텍하게,1,1,0.49
그것마저,1,1,0.49
질렸는데,1,1,0.49
못본다,1,1,0.49
지칠듯,1,1,0.49
지금까지는,1,1,0.49
그만하자,1,1,0.49
이벤트가,1,1,0.49
발생해서,1,1,0.49
하루에,1,1,0.49
시간이나,1,1,0.49
오타쿠생활이,1,1,0.49
되었어요,1,1,0.49
농장게임,1,1,0.49
이런거,1,1,0.49
안좋아해서,1,1,0.49
안하려다가,1,1,0.49
평가가,1,1,0.49
좋아서,1,1,0.49
해볼까,1,1,0.49
며칠동안,1,1,0.49
이것만,1,1,0.49
다수와,1,1,0.49
연애하는,1,1,0.49
명에,1,1,0.49
두명이랍니다,1,1,0.49
강추,1,1,0.49
녹이는,1,1,0.49
멀티가,1,1,0.49
있긴,1,1,0.49
혼자하는게,1,1,0.49
독식해서,1,1,0.49
좋음,1,1,0.49
시야가,1,1,0.49
모니터,1,1,0.49
해상도,1,1,0.49
따라감,1,1,0.49
쓰니까,1,1,0.49
천리안임,1,1,0.49
나중에,1,1,0.49
여자친구,1,1,0.49
생기면,1,1,0.49
하자고,1,1,0.49
진심으로,1,1,0.49
만들었을까,1,1,0.49
질리는데,1,1,0.49
생각나서,1,1,0.49
번도,1,1,0.49
사용했는데도,1,1,0.49
최고라,1,1,0.49
언젠가,1,1,0.49
대확장모드도,1,1,0.49
할테야,1,1,0.49
해줘요,1,1,0.49
할게욤,1,1,0.49
할머니,1,1,0.49
돼서도,1,1,0.49
할거임,1,1,0.49
운영,1,1,0.49
돌아서,1,1,0.49
최고임,1,1,0.49
접속하니까,1,1,0.49
많아지고,1,1,0.49
많아져서,1,1,0.49
여우롭게,1,1,0.49
좋고,1,1,0.49
멀티해도,1,1,0.49
일어나면,1,1,0.49
씨앗에,1,1,0.49
주는,1,1,0.49
가축,1,1,0.49
돌보는,1,1,0.49
낚시하는,1,1,0.49
나무,1,1,0.49
캐오는,1,1,0.49
요리,1,1,0.49
연구하는,1,1,0.49
쌓는,1,1,0.49
꾸미는,1,1,0.49
번들을,1,1,0.49
비롯한,1,1,0.49
관리,1,1,0.49
감독하는,1,1,0.49
명이서,1,1,0.49
적당한,1,1,0.49
게임인듯,1,1,0.49
애매해,1,1,0.49
안하게,1,1,0.49
됐는데,1,1,0.49
땡기는,1,1,0.49
달리,1,1,0.49
요리하고,1,1,0.49
풍차,1,1,0.49
세우고,1,1,0.49
즐기는데,1,1,0.49
빨리빨리,1,1,0.49
마인드로,1,1,0.49
아쉬울,1,1,0.49
따름이네요,1,1,0.49
번쯤은,1,1,0.49
찍먹,1,1,0.49
볼만한,1,1,0.49
평소엔,1,1,0.49
타이쿤,1,1,0.49
시뮬레이션을,1,1,0.49
즐겁게,1,1,0.49
시작할때,1,1,0.49
삶에,1,1,0.49
지쳐,1,1,0.49
힐링하겠다는,1,1,0.49
생각으로,1,1,0.49
오게,1,1,0.49
되면,1,1,0.49
부업을,1,1,0.49
동물의,1,1,0.49
심즈,1,1,0.49
부류의,1,1,0.49
즐겨하지,1,1,0.49
않지만,1,1,0.49
하는걸,1,1,0.49
보면서,1,1,0.49
조용히,1,1,0.49
효율,1,1,0.49
같은거,1,1,0.49
따지지,1,1,0.49
끌리는,1,1,0.49
하자,1,1,0.49
게임이니깐,1,1,0.49
현실,1,1,0.49
도피,1,1,0.49
싶을,1,1,0.49
되어주었던,1,1,0.49
게임이다,1,1,0.49
대가리,1,1,0.49
깨고,1,1,0.49
기억,1,1,0.49
잃어서,1,1,0.49
처음하는,1,1,0.49
뇌로,1,1,0.49
다시시작하고싶다,1,1,0.49
want,1,1,0.49
peaceful,1,1,0.49
friends,1,1,0.49
pretty,1,1,0.49
women,1,1,0.49
or,1,1,0.49
alcoholic,1,1,0.49
men,1,1,0.49
yerning,1,1,0.49
your,1,1,0.49
attention,1,1,0.49
stacks,1,1,0.49
cash,1,1,0.49
well,1,1,0.49
them,1,1,0.49
can,1,1,0.49
simulate,1,1,0.49
price,1,1,0.49
however,1,1,0.49
costs,1,1,0.49
buy,1,1,0.49
모바일로,1,1,0.49
했다가,1,1,0.49
넘어왔는데,1,1,0.49
미친게임,1,1,0.49
자고,1,1,0.49
일어나고를,1,1,0.49
반복하며,1,1,0.49
시간씩,1,1,0.49
모드없이,1,1,0.49
1500,1,1,0.49
넘게,1,1,0.49
유저입니다,1,1,0.49
막노동,1,1,0.49
이보다,1,1,0.49
없을,1,1,0.49
것이라,1,1,0.49
생각하고요,1,1,0.49
업뎃도,1,1,0.49
굴면서,1,1,0.49
쫌쫌따리,1,1,0.49
효자겜이고,1,1,0.49
새계정,1,1,0.49
파서,1,1,0.49
첨부터,1,1,0.49
굴리고,1,1,0.49
정도는,1,1,0.49
바꿔주고,1,1,0.49
이러면,1,1,0.49
질리더라구요,1,1,0.49
버는데,1,1,0.49
벌게,1,1,0.49
져서,1,1,0.49
하루종일,1,1,0.49
뺑이,1,1,0.49
치고있어요,1,1,0.49
분들이,1,1,0.49
해보셨고,1,1,0.49
원래,1,1,0.49
인기,1,1,0.49
혹시,1,1,0.49
시작하신다면,1,1,0.49
해보시는,1,1,0.49
정말정말정말,1,1,0.49
치트도,1,1,0.49
비추,1,1,0.49
치트나,1,1,0.49
물자에,1,1,0.49
감각이,1,1,0.49
초반부터,1,1,0.49
떨어져서,1,1,0.49
쉽게,1,1,0.49
질리실,1,1,0.49
같다는,1,1,0.49
밀고,1,1,0.49
농작물,1,1,0.49
키우고,1,1,0.49
것보다,1,1,0.49
농산물,1,1,0.49
가축들이라는,1,1,0.49
키우다보면,1,1,0.49
진엔딩,1,1,0.49
볼때,1,1,0.49
뿌듯해져요,1,1,0.49
샌디,1,1,0.49
클린트랑도,1,1,0.49
싶어요,1,1,0.49
120,1,1,0.49
시간해도,1,1,0.49
초보인,1,1,0.49
순삭됩니다,1,1,0.49
그동안,1,1,0.49
구매한,1,1,0.49
겜이,1,1,0.49
좋아하신데,1,1,0.49
rpg,1,1,0.49
까지,1,1,0.49
좋아하신다,1,1,0.49
취향이,1,1,0.49
아닌갑다,1,1,0.49
취향때문이니,1,1,0.49
비추는,1,1,0.49
말아야지,1,1,0.49
만들긴,1,1,0.49
했으니까,1,1,0.49
많이는,1,1,0.49
즐겜하십쇼,1,1,0.49
황금시계,1,1,0.49
깔고,1,1,0.49
뭐해야,1,1,0.49
132,1,1,0.49
결말을,1,1,0.49
본적이,1,1,0.49
시작한다,1,1,0.49
정가로,1,1,0.49
사도,1,1,0.49
아까움,1,1,0.49
컨텐츠에,1,1,0.49
육천원,1,1,0.49
받는,1,1,0.49
놀랍다,1,1,0.49
플레이하는지,1,1,0.49
알것같음,1,1,0.49
겁나재밌어,1,1,0.49
페니야,1,1,0.49
처음봤을,1,1,0.49
너에게,1,1,0.49
반했어,1,1,0.49
가자,1,1,0.49
힐링겜이지만,1,1,0.49
노력에,1,1,0.49
따라서,1,1,0.49
지루한,1,1,0.49
되거나,1,1,0.49
생겼어요,1,1,0.49
결혼해도,1,1,0.49
해야해서,1,1,0.49
벌어먹고,1,1,0.49
살기,1,1,0.49
힘드네요,1,1,0.49
빠질것같아,1,1,0.49
시작안했었는데,1,1,0.49
첫날엔,1,1,0.49
그냥저냥,1,1,0.49
할만하네,1,1,0.49
로시작해서,1,1,0.49
일주일도,1,1,0.49
안되서,1,1,0.49
미쳤습니다,1,1,0.49
너무너무,1,1,0.49
