id,recommend_label,review,likes,funny,playtime_hours,review_length,created_at
2,추천,높은 확률로 아마존 구글을 모티브로 한 조자라는 다국적 대기업이 주인공 사는 세상의 유통망을 거의 독점하고있다 조자의 일원이었으나 직원들 일어서고 앉는 시간까지 측정하고 책상마다 감시카메라까지 박아놓는 비인간적 노동환경에 적응하지 못한 주인공은 죽은 조부의 농장으로 돌아가 농사를 짓는다 웬걸 여기까지도 조자의 마트가 들어서있고 동네 촌뜨기들 상권을 위협하고 있다 최종 소비자의 경제적 만족만이 기업에 대한 대중 평가로 직결되고 부모가 자식에게 물려줄 것이 지식 기술이 아닌 소비습관 밖에 없게 되어버린 우리 세대 온갖 미명으로 치장된 효율과 이윤 추구의 구정물이 사회를 병들게 했다 우린 게임처럼 땅을 파고 거름을 주고 농산물을 수확할 줄도 모른다 평생 푼돈 만지고 카드나 긁어대다가 죽는 운명 사냥에 실패하면 내일 바로 굶어죽을거란 기원전의 공포는 더이상 없지만 그보다 더한 정신적 집단폐사의 저주애 사로잡혔다 우린 더이상 창고에서 트럭으로 옮겨주는 재화가 아니면 의식주를 해결할 방법을 모른다 소비행위가 우리의 명줄을 쥐고있다 이 문제에 게임이 제안하는 대안은 아마 자급자족이 가능한 작은 사회공동체의 단결이리라 얇디얇은 나뭇가지들을 줄로 묶으면 도끼에도 버티듯이 똘똘 뭉친 발버둥의 미학 봄이 끝나가니 튤립을 수확해야겠다 스토리가 어떻게 끝맺어질지는 모르겠으나 여태껏 본적 없이 매력적인 고찰을 담고 있다는 점만 강조하고 싶다,31,4,14.3,690,2026-05-01 01:32:06
1,추천,이 게임을 정말 좋아해서 스팀 모바일 아이패드 스위치로 구매해서 플레이했는데 아직도 다 했다는 기분이 들지 않는다 좀 더 해봐야 알 것 같음,19,10,2101.8,78,2026-05-05 09:28:03
146,추천,감히 스팀 최고의 농사 힐링 겜이라고 단언할 수 있다 그래픽이 아기자기해서 힐링감성을 더해준다 수급처보다 소비처가 많아 재료의 소중함을 알게 해주는 밸런싱 때문에 자원을 모아 업글했을떄의 성취감이 최상급 모드 창작마당이 없고 넥서스에서 모드 다운해야 하는 것이 유일한 단점,9,0,229.8,152,2026-04-15 08:45:39
147,추천,진지하게 힐링게임아님 농사에 낚시에 광질까지 등등 혼자서 다하는데 어떠게 힐링게임인지,7,1,158.6,47,2026-04-24 10:30:59
149,추천,시공간은 관찰자에 따라 다르게 흐른다는 아인슈타인의 상대성이론을 체감하고 싶으면 해라 잠깐 농사짓고 광산가서 곡괭이질 하고 낚시하고 싸돌아 댕기면서 마을 축제 하고헤일리한테 가서 플러팅이나 하다가결국 결혼에 성공 한것 뿐인데 현실에선 분명 해 쨍쨍한 대낮에 겜 켰더만 오늘은 여기까지만 해야지 하고 껐더니 자정이 다돼갔다,6,2,73.7,179,2026-04-25 07:06:58
10,비추천,브금 뚝뚝 끊기는게 거슬림 뭔 30분 내리 브금이 나오다가 끊기면 이해라도 하겠는데 1분30초쯤 브금 나오다가 뚝 끊기고 광산이나 해변같은 다른 맵이라도 가지 않는 이상 브금이 영원히 안나옴 이 문제가 20년도 쯤에도 누가 말했던 것 같은데 아직도 해결 안하고 있는게 어이 없음 브금 세상 좋게 뽑아놓고 제대로 활용도 못하고 브금 뚝뚝 끊기고 개빡침 사람들이 만든 모드 중에서 브금 반복모드가 있어서 설치해봤는데 이것도 마을이나 농장에서 나오는 브금은 반복 재생이 안되고 광산 내부에서만 반복모드라고 함,1,0,257.5,281,2026-05-08 21:49:12
6,비추천,힐링이라는데 ㅈㄴ 킬링임 환불마려움 튜토리얼같은게 없어서 혼자 해보려면 유튜브에서 초보자 가이드 찾아 봐야해서 귀찮고 그걸 다 보고 따라한다고 해도 결혼이나 연애 하고 집 업글 하고 나면 뭘 해야 할지 모르겠어서 질리게 됨 단순 노동겜같음,1,0,41.1,133,2026-05-14 00:30:04
43,비추천,저는 흥미를 느끼지 못했습니다 저와는 잘 맞지 않는 게임인 것 같습니다 개인의 취향문제일 수 있습니다,1,0,1.1,56,2026-05-18 19:22:35
51,비추천,계란 축제 이새끼는 왜 끝나자마자 바로 저녁임 양계장은 왜 3일동안 처 짓는거임 콩 막대에 왜 히트박스 있음 npc 왜케 싸가지없음 돈 왜 이렇게 안 벌림 왜 이상한 상자에 물건 넣으니까 사라짐 게 통발에 왜 게 안 잡히고 쓰레기 잡힘 제때 환불 못 받은 게 한이다,0,1,6.2,148,2026-05-01 16:50:09
59,비추천,아니 습빡 왜이리 거지같이 만들었냐 똑바로 안하나 진짜 못 해먹겠네,0,0,31.4,37,2026-05-17 04:30:35
